adauga_studio,2026-05-10 10:55:08
adauga_studio,2026-05-10 10:55:08
adauga_studio,2026-05-10 10:55:08
adauga_profesor,2026-05-10 10:55:08
adauga_profesor,2026-05-10 10:55:08
adauga_profesor,2026-05-10 10:55:08
adauga_profesor,2026-05-10 10:55:08
adauga_profesor,2026-05-10 10:55:08
adauga_profesor,2026-05-10 10:55:08
adauga_studio,2026-05-10 11:00:16
adauga_studio,2026-05-10 11:00:16
adauga_studio,2026-05-10 11:00:16
adauga_profesor,2026-05-10 11:00:16
adauga_profesor,2026-05-10 11:00:16
adauga_profesor,2026-05-10 11:00:17
adauga_profesor,2026-05-10 11:00:17
adauga_profesor,2026-05-10 11:00:17
adauga_profesor,2026-05-10 11:00:17
afisare_clienti,2026-05-10 11:06:34
afisare_profesori,2026-05-10 11:13:49
adauga_client,2026-05-10 11:15:10
adauga_profesor,2026-05-10 11:15:50
afisare_program,2026-05-10 11:53:44
afisare_program,2026-05-10 11:54:12
afisare_program,2026-05-10 11:58:30
afisare_program,2026-05-10 11:59:02
afisare_program,2026-05-10 12:33:07
adauga_client,2026-05-10 12:34:43
afisare_clienti,2026-05-10 12:36:17
filtrare_stil,2026-05-10 12:36:35
afisare_profesori,2026-05-10 12:36:45
afisare_profesori,2026-05-10 12:36:52
cauta_profesor,2026-05-10 12:37:02
cauta_profesor,2026-05-10 12:38:11
afisare_profesori,2026-05-11 08:50:22
afisare_program,2026-05-11 08:52:06
cumpara_abonament,2026-05-11 08:57:54
cumpara_abonament,2026-05-11 08:59:24
afisare_program,2026-05-11 10:23:20
adauga_client,2026-05-11 10:23:52
cumpara_abonament,2026-05-11 10:24:35
afisare_clienti,2026-05-11 10:27:37
adauga_client,2026-05-11 10:28:35
rezervare_clasa,2026-05-11 10:33:54
cauta_profesor,2026-05-11 10:34:38
afisare_program,2026-05-12 18:48:42
afisare_program,2026-05-12 18:48:52
afisare_clienti,2026-05-12 18:49:02
adauga_client,2026-05-12 18:49:26
afisare_clienti,2026-05-12 18:49:30
afisare_clienti,2026-05-12 18:49:46
adauga_client,2026-05-12 18:50:11
afisare_clienti,2026-05-12 18:50:13
adauga_clasa_dans,2026-05-12 18:50:47
filtrare_stil,2026-05-12 18:53:32
filtrare_stil,2026-05-12 18:53:42
filtrare_dificultate,2026-05-12 18:53:54
afisare_profesori,2026-05-12 18:54:05
afisare_profesori,2026-05-14 10:40:22
cauta_profesor_by_id,2026-05-14 10:40:34
afisare_profesori,2026-05-14 10:51:11
cauta_profesor_by_id,2026-05-14 10:51:23
afisare_profesori,2026-05-14 11:27:19
cauta_profesor_by_id,2026-05-14 11:27:28
adauga_stil_profesor,2026-05-14 11:27:35
afisare_profesori,2026-05-14 11:27:41
cauta_profesor_by_id,2026-05-14 11:27:43
afisare_program,2026-05-14 11:29:31
afisare_clienti,2026-05-14 11:29:37
cumpara_abonament,2026-05-14 11:30:16
afisare_clienti,2026-05-14 11:30:22
afisare_profesori,2026-05-14 11:34:36
cauta_profesor_by_id,2026-05-14 11:36:05
afisare_clienti,2026-05-14 11:36:37
afisare_profesori,2026-05-14 11:38:02
cauta_profesor_by_id,2026-05-14 11:38:07
afisare_clienti,2026-05-14 11:39:00
adauga_clasa_dans,2026-05-14 11:40:23
afisare_profesori,2026-05-14 11:41:08
cauta_profesor_by_id,2026-05-14 11:41:11
afisare_profesori,2026-05-14 11:44:03
cauta_profesor_by_id,2026-05-14 11:44:05
adauga_client,2026-05-14 11:44:42
cumpara_abonament,2026-05-14 11:45:09
rezervare_clasa,2026-05-14 11:45:25
adauga_client,2026-05-14 11:46:15
cumpara_abonament,2026-05-14 11:46:23
afisare_clienti,2026-05-14 11:46:28
cauta_client,2026-05-14 11:46:48
cauta_client,2026-05-14 11:46:54
filtrare_stil,2026-05-14 11:47:04
filtrare_stil,2026-05-14 11:47:12
filtrare_dificultate,2026-05-14 11:47:26
afisare_program,2026-05-14 11:47:38
